"Date","Ptot","Evap","Discharge","Temp"
1969-01-01,74.7011497822741,11.0867370539214,58.5089084745763,5.29078096774194
1969-02-01,45.6636203675798,8.8607248933293,48.7354576271186,0.641136071428571
1969-03-01,57.185148377608,23.9498797388549,46.5622779661017,3.56577241935484
1969-04-01,39.4156554783396,47.6192263617434,39.3573966101695,7.35562716666667
1969-05-01,112.819551043432,77.6856672697965,30.8433355932203,10.7793970967742
1969-06-01,33.5672447804199,95.3836228536428,25.2024406779661,13.42336
1969-07-01,43.8891220348931,110.657002113356,22.0539661016949,16.51325
1969-08-01,51.1164078407529,91.3659727572423,17.5875254237288,15.8450675806452
1969-09-01,32.9269857793118,57.8256594770476,12.7549830508475,13.3447343333333
1969-10-01,8.68220936417038,35.9334545939247,10.4441491525424,12.1733690322581
1969-11-01,97.0757791950846,12.1573689996885,9.62466711864407,4.86044983333333
1969-12-01,85.6200592747761,6.73682868412284,9.79453830508475,2.64646919354839
1970-01-01,91.4542475196757,9.30817958710818,15.0599593220339,3.63667016129032
1970-02-01,64.2901880636093,11.6487853440167,28.5383593220339,2.50038535714286
1970-03-01,56.7087986388356,23.1804962627438,39.6327050847458,3.10641967741935
1970-04-01,55.6591336929681,43.3165794534568,34.4516338983051,6.11860316666667
1970-05-01,35.4827563210681,84.7341071076381,27.3697627118644,12.2279580645161
1970-06-01,31.2177887145867,106.821841521241,19.2387905084746,15.6458293333333
1970-07-01,70.1832007223106,102.000900389047,17.6695322033898,14.813074516129
1970-08-01,61.4145489448714,89.5160486799766,12.4005966101695,15.4388587096774
1970-09-01,68.6327740544203,59.657278144125,9.46680406779661,14.0968546666667
1970-10-01,21.0599341605235,31.5815449066108,7.35600813559322,10.1512020967742
1970-11-01,173.37964869102,15.2241190189625,10.0809762711864,7.74562183333333
1970-12-01,32.7817665090803,7.35909603775939,15.0828040677966,3.28440951612903
1971-01-01,131.621793403889,9.76618984459981,26.8513627118644,4.09198338709677
1971-02-01,25.9622128121406,13.4897470958911,46.5564203389831,3.70859428571429
1971-03-01,65.3084153834465,26.6776285462206,39.8611525423729,4.33931709677419
1971-04-01,77.0070784339993,46.8131921427136,34.3579118644068,7.13518466666667
1971-05-01,51.3416796136247,78.678432414234,30.9487728813559,10.9935662903226
1971-06-01,162.858809212514,88.5367838511022,38.7774915254237,12.1100953333333
1971-07-01,17.7396885450146,112.741476965035,33.7572122033898,16.8838698387097
1971-08-01,66.7511444907813,89.1466699137958,25.0003525423729,15.4312880645161
1971-09-01,16.8615254190465,60.3063231218756,17.2155661016949,14.2128575
1971-10-01,86.2332214829484,33.6425282020586,14.5207647457627,11.0505520967742
1971-11-01,65.873905558665,12.4224759918564,11.568813559322,5.24248516666667
1971-12-01,37.5471616439564,9.32546985748954,10.6608813559322,5.6570435483871
1972-01-01,86.7205524099149,8.82277537286225,13.5662644067797,3.45244967741935
1972-02-01,78.6673401154363,15.0458617737975,34.6654372881356,4.174875
1972-03-01,73.3502121515715,32.9837317128382,55.8290440677966,6.50589064516129
1972-04-01,73.5171311589892,49.1418124460717,40.7453613559322,7.7154565
1972-05-01,69.1833950363927,72.6996530298109,31.8215593220339,9.70130096774194
1972-06-01,49.3897769548428,82.3730418319059,23.6677423728814,10.9026801666667
1972-07-01,48.4572925649144,103.376789270795,18.2872189830508,15.1835575806452
1972-08-01,24.0710319918342,85.9589967582835,14.2135322033898,14.8858793548387
1972-09-01,32.388810799523,50.9662940930165,10.5876610169492,11.3796411666667
1972-10-01,40.1216185166131,30.845612451928,8.72581423728814,10.0428472580645
1972-11-01,82.6482448398766,12.8415754743646,7.83750508474576,5.69063733333333
1972-12-01,115.770499578154,9.17813262652832,13.4142589830508,5.4271214516129
1973-01-01,32.559205979735,9.4020386007194,17.4431349152542,3.78191419354839
1973-02-01,22.0418610580175,13.2052397541623,16.1403986440678,3.59578964285714
1973-03-01,15.3447275016299,28.5947960040642,16.8582508474576,5.26468435483871
1973-04-01,62.7445214944241,44.6771162769443,14.7377898305085,6.56515916666667
1973-05-01,82.4209627516377,77.9961429927038,13.6512,10.7774641935484
1973-06-01,86.3710184147263,99.5015975355848,12.2512271186441,14.215654
1973-07-01,63.1274207702066,103.825881163225,12.7107579661017,15.1625527419355
1973-08-01,65.5840970890152,94.3017000255769,9.96558101694915,16.6086203225806
1973-09-01,61.125007222241,60.7859651363412,8.43586169491525,14.1288485
1973-10-01,33.7814759049408,28.6733456904343,7.54638101694915,8.53362370967742
1973-11-01,40.7683675892156,13.4501965448749,7.90721084745763,5.93217983333333
1973-12-01,57.2375566765736,8.49827603221139,7.49190508474576,4.67452403225806
1974-01-01,110.204953342017,11.3062055784637,18.1126616949153,5.63154016129032
1974-02-01,119.973794181112,15.259408395141,52.0622969491525,4.88735017857143
1974-03-01,30.8085888903733,28.5303875074844,51.4826847457627,5.03630129032258
1974-04-01,12.5652846689687,48.0526700532055,31.4437423728814,7.5952725
1974-05-01,28.9240564106231,74.5411065216671,22.6192271186441,10.0975861290323
1974-06-01,68.9392020026472,94.8947703856432,15.7040054237288,13.3308826666667
1974-07-01,44.9987723335398,101.107956217702,12.5294644067797,14.6631487096774
1974-08-01,108.626666920104,84.397589318922,11.7173044067797,14.3317877419355
1974-09-01,189.622874586798,52.1558019223227,11.8083905084746,11.476283
1974-10-01,53.1330570195609,25.1015178597574,14.7609274576271,7.03952838709677
1974-11-01,104.269338866586,13.8964642172492,24.7279728813559,6.61605816666667
1974-12-01,63.8702697067791,10.8519011584222,38.543186440678,7.29198096774194
1975-01-01,109.08043150845,11.9088424530271,42.0314033898305,6.29024483870968
1975-02-01,28.5875825276625,14.4221690579188,55.6826033898305,4.25970035714286
1975-03-01,85.102462576638,25.5166334590045,50.8676338983051,4.3355235483871
1975-04-01,48.2692659582484,50.6103412244201,39.9285152542373,7.88325
1975-05-01,30.6825458000787,71.7202119388151,29.7743186440678,9.57719322580645
1975-06-01,4.91303594524126,100.462107420586,23.2137762711864,14.3995478333333
1975-07-01,60.9114079063829,113.828945648964,20.7740745762712,17.1341270967742
1975-08-01,54.3936892727994,101.462637412877,19.0519322033898,18.1362738709677
1975-09-01,115.319257101817,56.6089260724724,12.5417654237288,13.0192553333333
1975-10-01,20.087543427628,30.1638477177684,7.88290169491525,9.56860080645161
1975-11-01,65.5676361460606,13.059596813717,8.16494644067797,5.81363633333333
1975-12-01,30.6412382173313,7.93576168334849,6.05151457627119,3.99385903225806
1976-01-01,21.5073286087822,10.2340855707348,4.8893613559322,4.98388564516129
1976-02-01,34.6197205202109,15.0396263442918,4.2772393220339,3.87320948275862
1976-03-01,40.7654251861407,26.4266878847097,4.33698711864407,4.20789983870968
1976-04-01,9.24054040106107,47.8702672953117,4.0162820338983,7.34263116666667
1976-05-01,29.9967578080065,81.8970554191087,3.86954847457627,11.5672172580645
1976-06-01,36.3465920191057,113.797143206653,3.14232406779661,16.9659501666667
1976-07-01,25.9868104600667,119.697286538904,1.50043118644068,18.2619591935484
1976-08-01,39.2999379405031,96.4815933032406,1.43277559322034,17.3244458064516
1976-09-01,146.829004361171,55.4260358255988,2.53459525423729,13.031543
1976-10-01,144.651846892136,31.2828111592878,3.30428745762712,10.0908293548387
1976-11-01,77.7237797203577,12.457595400186,4.88906847457627,5.64774216666667
1976-12-01,117.706791104977,5.65138751340345,13.2183213559322,1.44123306451613
1977-01-01,79.045353532397,7.91113978421631,33.3738305084746,2.38651290322581
1977-02-01,144.45060606892,15.917643984076,64.1820203389831,5.32321142857143
1977-03-01,75.3905081165689,31.5051774777961,74.2981423728814,6.54341096774194
1977-04-01,34.1598283146667,44.867520501025,48.4132881355932,6.55554766666667
1977-05-01,46.1158421720969,74.0568105724108,33.7633627118644,9.97558903225806
1977-06-01,115.140882452075,85.1678044475807,26.2685288135593,11.4584778333333
1977-07-01,22.1108975009487,105.667289141251,20.5541206779661,15.5023012903226
1977-08-01,153.262945472868,86.5791721659165,17.7544677966102,14.7909166129032
1977-09-01,24.8163263513624,55.0036334439067,13.8679322033898,12.5568918333333
1977-10-01,67.6998997951857,33.3601803914541,12.3625220338983,11.1336820967742
1977-11-01,75.9530841971882,13.3866158959412,12.4064542372881,5.79870783333333
1977-12-01,87.2085300768218,9.35880419341954,22.2589830508475,5.66910129032258
1978-01-01,104.458579713721,8.32635994301068,38.6076203389831,2.90297935483871
1978-02-01,64.2719518139152,11.4216977909929,49.0224813559322,2.14087214285714
1978-03-01,70.5593962222226,31.1208346808546,46.3484745762712,6.17325225806452
1978-04-01,57.4084488121196,41.7785450237513,37.7992677966102,5.818902
1978-05-01,35.1690710538776,79.0967401816933,32.3136,11.0078908064516
1978-06-01,42.5240021773144,93.7505380139834,24.1158508474576,13.1282835
1978-07-01,115.491274954791,100.811248126401,16.251986440678,14.6180074193548
1978-08-01,52.1030681053213,86.0653774878974,13.0566508474576,14.7015087096774
1978-09-01,28.6592060038324,58.0591489725108,10.2183376271186,13.50301
1978-10-01,5.3620192720616,33.7907474645881,7.87470101694915,11.2038248387097
1978-11-01,37.2502080763365,15.6812100991375,6.13674305084746,7.76001883333333
1978-12-01,138.240858225641,7.97041127327051,6.96384,4.04796048387097
1979-01-01,61.742819886674,4.57786398070979,8.42736813559322,-0.724446774193548
1979-02-01,55.8359706922552,8.88610016150559,20.299606779661,0.677960357142857
1979-03-01,140.832072503834,25.1034454578776,41.1556881355932,4.09401419354839
1979-04-01,46.3276327279055,47.9477125780737,62.6502508474576,7.357407
1979-05-01,132.499822614161,69.973356874427,40.6311376271186,9.15111048387097
1979-06-01,43.1145242544776,94.9811345003071,30.4567322033898,13.350843
1979-07-01,37.1511647239539,108.794023091984,24.9827796610169,16.1552620967742
1979-08-01,81.622543899094,84.3087081969072,17.8833355932203,14.2542306451613
1979-09-01,20.5414066811586,55.6758257827585,11.9671322033898,12.6299453333333
1979-10-01,42.4500059238402,33.5597043337874,10.0554955932203,10.9044006451613
1979-11-01,54.3032498574893,13.5794193503078,8.14239457627119,6.37132466666667
1979-12-01,133.946626689953,9.34144538899362,10.2520189830508,5.49477709677419
1980-01-01,57.6601416893193,6.98924723502816,22.0305355932203,1.47570419354839
1980-02-01,63.9237212123633,17.2194495203861,36.452013559322,5.68647448275862
1980-03-01,104.20672678724,26.0547663224019,42.0665491525424,4.21139532258065
1980-04-01,25.3053406829575,51.5923964505284,46.0438779661017,8.251519
1980-05-01,30.0210426499427,77.3237749674944,33.6227796610169,10.6157166129032
1980-06-01,98.7326800243779,94.7035271129158,21.8108745762712,13.2953463333333
1980-07-01,68.3317341445556,97.8865478756877,14.7524338983051,14.1321062903226
1980-08-01,65.0289681334883,89.8072849042392,11.4663050847458,15.6950148387097
1980-09-01,64.1288582931655,60.3667320982928,8.93668881355932,14.4809985
1980-10-01,119.067093353197,27.3476729447096,9.18915254237288,8.41821709677419
1980-11-01,53.675049277822,12.3191953389014,9.29693288135593,5.7065255
1980-12-01,42.3242529985735,8.68016614687946,13.8737898305085,4.93034193548387
1981-01-01,37.6713177846657,9.8789211669123,18.5247457627119,4.31859451612903
1981-02-01,38.7106774321739,11.1660697994431,17.8569762711864,2.41878267857143
1981-03-01,161.308212332809,35.5915407776611,40.3649084745763,7.71988435483871
1981-04-01,37.6092027734506,47.5986309287123,48.5216542372881,7.45842383333333
1981-05-01,89.9340022352543,77.0411280298761,39.744,10.6182238709677
1981-06-01,46.5880491988819,92.0327933893838,31.0337084745763,12.785976
1981-07-01,51.4748083953714,104.51065723335,24.7133288135593,15.3178838709677
1981-08-01,21.1106047396377,92.9149842993529,16.9490440677966,16.3326433870968
1981-09-01,122.508209995507,59.8531518433799,13.1913762711864,14.0197505
1981-10-01,105.287744182058,27.0885896382431,12.7169084745763,7.82342048387097
1981-11-01,51.5447443956558,14.2476037613362,14.1813152542373,6.94338266666667
1981-12-01,110.205974110071,4.8414965301988,23.6120949152542,0.382573064516129
1982-01-01,59.7100678243949,8.40463817574726,49.5613830508475,2.39900629032258
1982-02-01,40.8035642887626,14.5610875459485,44.664406779661,4.54691446428571
1982-03-01,96.0356948746915,29.396001578387,53.6910101694915,5.55702580645161
1982-04-01,31.1524125823602,50.1790523334268,44.8840677966102,7.9989955
1982-05-01,40.2846029985363,80.0485782755202,29.4960813559322,11.1665958064516
1982-06-01,107.52389098646,105.847933378714,19.5791186440678,15.4686013333333
1982-07-01,43.4713024382309,108.439080933985,13.4930440677966,16.0766427419355
1982-08-01,89.5330125002954,89.9398408244344,10.9537627118644,15.4741524193548
1982-09-01,73.7607380773127,60.8640629174276,8.13243661016949,14.3415816666667
1982-10-01,108.318943072034,30.6349924411819,8.32632406779661,9.71044564516129
1982-11-01,115.545157273981,15.4520933309791,11.9718183050847,7.55998066666667
1982-12-01,96.8570894192755,8.0538223484023,34.2905491525424,4.15313016129032
1983-01-01,91.5722515596174,11.855415427603,45.8212881355932,6.25182887096774
1983-02-01,20.7836028120837,9.8964492475746,39.5419118644068,1.26405660714286
1983-03-01,55.0902841224704,29.7746329857226,33.5495593220339,5.72918967741936
1983-04-01,88.0548920792424,43.9459001467981,28.3392,6.31679983333333
1983-05-01,112.154920300352,73.1772791697954,39.9402305084746,9.87064338709677
1983-06-01,36.7927098597465,99.9379868409848,33.0106576271186,14.3121705
1983-07-01,62.1154686624362,127.925067588785,20.4431186440678,19.8666858064516
1983-08-01,28.8805604350026,96.7683898639249,15.5695728813559,17.2069546774194
1983-09-01,94.0762182727911,57.6449532906229,11.8558372881356,13.4161493333333
1983-10-01,75.4423316644708,31.7722932692651,9.73274033898305,9.87084741935484
1983-11-01,38.8969274587595,14.4990717447485,7.66119050847458,6.89874716666667
1983-12-01,76.6894243379497,8.88478908934777,8.44874847457627,5.12992129032258
1984-01-01,140.625648521669,9.01582489043736,24.5170983050847,3.59799661290323
1984-02-01,44.0820194533563,12.9049075609254,50.3111593220339,3.13263327586207
1984-03-01,54.8729445212903,25.7419130839799,41.808813559322,4.1787835483871
1984-04-01,0.849483912502385,50.7409450866561,29.3349966101695,7.84527083333333
1984-05-01,96.5105536275661,71.1590482939465,22.0803254237288,9.37096435483871
1984-06-01,30.2913257773219,101.89692505056,15.634006779661,14.6659136666667
1984-07-01,19.0174185853449,110.000213849685,11.495593220339,16.4750524193548
1984-08-01,45.2886177353258,96.2127985032515,8.81514305084746,17.3029346774194
1984-09-01,123.322199364069,57.8413432165851,7.72123118644068,13.6075428333333
1984-10-01,82.4403787278257,32.0488780844977,6.42845288135593,10.7274377419355
1984-11-01,127.570676233224,14.8713357054519,8.17168271186441,7.60793483333333
1984-12-01,94.4158571992207,8.64574600612308,18.0004881355932,4.80493596774193
1985-01-01,68.3020872596607,5.73815081901521,39.3720406779661,0.0914606451612904
1985-02-01,42.8030548057638,10.6063708496229,45.3175322033898,1.74640142857143
1985-03-01,60.5641356787583,25.5016996366216,41.1527593220339,4.19843596774194
1985-04-01,42.3658054409126,50.0867831218056,29.4433627118644,8.10650416666667
1985-05-01,58.1332747969292,76.1428888076413,26.710779661017,10.4275967741935
1985-06-01,113.103744177802,90.4153782085308,22.373206779661,12.4756925
1985-07-01,81.4766463690905,106.862871736372,19.3243118644068,15.7621291935484
1985-08-01,94.6155520781763,84.2971401315331,15.815593220339,14.3469537096774
1985-09-01,26.0554173053964,59.5173294042241,12.1135728813559,14.1400031666667
1985-10-01,41.8404643761131,32.8081109949272,11.2144271186441,10.3441980645161
1985-11-01,45.6609349122396,10.7888724265753,9.30542644067797,3.83646333333333
1985-12-01,124.681554388945,9.94896322780228,14.1959593220339,6.24191983870968
1986-01-01,117.825977145243,8.6170221511149,38.6456949152542,3.19689564516129
1986-02-01,6.74108000741856,4.6956442170897,43.9614915254237,-1.88700232142857
1986-03-01,69.6354386000871,26.8513463303701,36.4666576271186,4.49596903225806
1986-04-01,65.8141194319425,40.1292976287966,27.0680949152542,5.30701266666667
1986-05-01,88.8418853566328,75.0532492132111,30.7525423728814,10.2546570967742
1986-06-01,19.2074885948232,100.712396564627,25.5538983050847,14.4490576666667
1986-07-01,43.7434699814437,105.561354200443,19.6992,15.5008583870968
1986-08-01,126.095551769081,80.9092925386686,16.5858711864407,13.4804333870968
1986-09-01,41.3724686537765,49.4518909710485,12.605613559322,10.806015
1986-10-01,72.7857977576383,33.0327295062887,8.99965830508475,10.6650696774194
1986-11-01,116.227511581169,14.7097332427044,10.8524257627119,7.3251855
1986-12-01,110.898194285078,9.61790697881512,26.3300338983051,5.85190467741935
1987-01-01,15.1360983701894,5.69513562417328,41.4925016949153,0.116322741935484
1987-02-01,57.4658386418049,12.8490274523334,31.5111050847458,3.32462267857143
1987-03-01,70.6179351407863,25.0997662057754,33.0458033898305,3.88487177419355
1987-04-01,63.8289045713613,57.2743188110631,36.8327593220339,9.7044465
1987-05-01,43.4794986598638,73.133746921142,33.6022779661017,9.8252864516129
1987-06-01,101.095337895028,92.3903491740125,23.6120949152542,12.852164
1987-07-01,60.5743275709676,106.078877845906,15.9532474576271,15.6060743548387
1987-08-01,25.5092004181878,89.6801431607012,12.3654508474576,15.5982158064516
1987-09-01,56.1701973003932,58.8118001543569,9.49814237288136,13.6042951666667
1987-10-01,139.933730063862,30.5571180959721,9.74621288135593,9.50603564516129
1987-11-01,71.670709966975,13.3931302968439,11.9557098305085,6.090276
1987-12-01,41.9776409281981,8.82617113106666,19.4033898305085,5.08120483870968
1988-01-01,122.093052395206,10.5102960407812,32.5625491525424,5.00528870967742
1988-02-01,56.2833107515567,14.7765291793175,57.6595525423729,4.15355862068966
1988-03-01,77.6959889341031,32.160097911657,48.6798101694915,6.23246903225806
1988-04-01,37.3684920412344,48.85414974215,31.2592271186441,7.5378715
1988-05-01,36.4233384014994,81.5010777638152,23.7702508474576,11.5112422580645
1988-06-01,47.7583398951198,98.1202776528988,16.5858711864407,13.9385878333333
1988-07-01,115.693835177224,97.6425016108166,13.3729627118644,14.044084516129
1988-08-01,78.7040132569148,84.9430783053393,9.82206915254237,14.5856685483871
1988-09-01,51.9614378688108,55.9484431929386,8.28649220338983,13.0069816666667
1988-10-01,102.633703354247,31.3295568368568,8.30494372881356,10.3344414516129
1988-11-01,36.9433825097402,11.7837295996212,8.26774779661017,4.98451416666667
1988-12-01,16.5005662207033,10.5137337538722,9.81445423728814,7.01020225806452
1989-01-01,47.4872103351546,11.1817878587323,11.1265627118644,5.61168451612903
1989-02-01,74.6015680732624,16.1568559291804,11.6068881355932,5.52361375
1989-03-01,74.9053408113745,34.2337356302602,23.3660745762712,7.24721758064516
1989-04-01,72.1555972091179,42.8391279077114,28.6262237288136,6.13433083333333
1989-05-01,27.1046109926999,88.8364536420236,24.6342508474576,13.0383269354839
1989-06-01,37.6782814895089,100.073974580305,17.4352271186441,14.3149896666667
1989-07-01,52.1218014526847,119.962949033719,12.5587525423729,18.3216127419355
1989-08-01,41.0873978384031,93.3472779845037,9.19618169491525,16.3582748387097
1989-09-01,35.8560159610985,61.4108181409568,6.41585898305085,14.6067971666667
1989-10-01,87.5026861179685,33.6036863001648,5.39604610169491,11.266774516129
1989-11-01,49.5143335026542,13.4548521763979,4.57509966101695,6.01573483333333
1989-12-01,151.544509035438,8.66771504752681,6.77170983050847,4.91233209677419
1990-01-01,104.812316970466,11.9710302943222,10.8225518644068,6.32395016129032
1990-02-01,134.381213475205,18.9676954475747,40.1686779661017,7.12817142857143
1990-03-01,19.391955415509,35.1955604861429,45.5108338983051,7.63210967741936
1990-04-01,37.6823808950656,48.300919239046,27.8940203389831,7.42648366666667
1990-05-01,7.56039502305845,85.2712715175248,18.3724474576271,12.3784182258065
1990-06-01,52.8958464392704,94.2614239037743,13.4051796610169,13.2104175
1990-07-01,30.5301162572442,112.33556877735,9.79776,16.8731009677419
1990-08-01,44.1147258859483,99.5258193797215,6.43606779661017,17.7695301612903
1990-09-01,43.2651581197131,56.5326998587627,5.54629423728814,12.946906
1990-10-01,75.6589166856983,34.6793398804183,4.91132745762712,11.5760908064516
1990-11-01,35.5024151086421,13.6551907092064,3.73628745762712,6.37529183333333
1990-12-01,78.4723509167899,7.57066501782082,3.6106413559322,3.61256064516129
1991-01-01,102.736632502242,8.28620430014966,5.93846237288136,3.02990241935484
1991-02-01,33.7294544596149,9.91245814937461,6.38012745762712,0.8179425
1991-03-01,66.1927319201402,34.5628956494855,11.7164257627119,7.46343274193548
1991-04-01,72.466528677426,46.8879630624055,17.4820881355932,7.23889366666667
1991-05-01,9.84432899488936,77.0657531469734,16.8494644067797,10.5844416129032
1991-06-01,116.766169144249,86.6694059163755,13.9675118644068,11.7391555
1991-07-01,94.2512947236879,111.298333310402,11.3901559322034,16.6282630645161
1991-08-01,14.6031622492709,95.2258498840439,8.20097084745763,16.8399037096774
1991-09-01,51.6361303934102,61.9211519896475,6.36226169491525,14.5624758333333
1991-10-01,58.9756656245938,30.6920588532156,5.7015213559322,9.59703435483871
1991-11-01,75.1461958672159,13.3898127445833,5.46780203389831,6.22215916666667
1991-12-01,21.4350839785192,7.87708435057046,4.94442305084746,3.95403129032258
1992-01-01,35.0149525970612,8.10862492775489,5.52754983050847,2.99843338709677
1992-02-01,30.7068646332445,15.566810775785,6.01871186440678,4.53094620689655
1992-03-01,58.1340058042474,33.5610785705662,7.51738576271186,6.96750129032258
1992-04-01,72.9165183075454,51.2346200046886,9.93453559322034,8.0840945
1992-05-01,25.4262511171568,89.9525183270369,11.4253016949153,13.0941783870968
1992-06-01,59.0396209662812,104.91966818755,9.9023186440678,15.2556281666667
1992-07-01,92.5082937001689,108.145648679208,9.16982237288136,16.1002722580645
1992-08-01,153.097348669246,87.9255164357125,7.49424813559322,15.2230493548387
1992-09-01,89.6917540359001,55.9320051415669,7.24764203389831,13.1976123333333
1992-10-01,51.7441509173851,25.8402299769833,9.80068881355932,7.35114290322581
1992-11-01,146.914288461456,14.4592472811537,20.8004338983051,7.26052116666667
1992-12-01,75.8857435000792,7.4080199128225,69.4480271186441,3.38782129032258
1993-01-01,100.743230134955,11.4621022324625,63.853993220339,5.68934709677419
1993-02-01,4.67675254425381,13.9193586483451,45.6865627118644,4.00955482142857
1993-03-01,36.772091321907,31.065354319545,33.2859661016949,6.06105564516129
1993-04-01,74.9772244986297,53.8448841074794,24.8656271186441,8.8451465
1993-05-01,82.5889821248232,79.7701725740594,21.8928813559322,11.1706358064516
1993-06-01,63.0452552888609,102.386251405751,18.1996474576271,14.7890821666667
1993-07-01,72.0863793465697,103.525729143921,14.6235661016949,15.1199856451613
1993-08-01,34.4227525925111,85.0023601391756,12.1106440677966,14.4442183870968
1993-09-01,96.7352904306149,53.1588846678973,10.2830644067797,11.845321
1993-10-01,109.408099464713,27.1511301435638,13.8708610169492,7.85616048387097
1993-11-01,48.5192788932676,11.6503826725167,16.0235389830508,4.4397705
1993-12-01,131.572688290627,9.04901429656369,28.5266440677966,5.2311114516129
1994-01-01,117.852121133309,10.6916137643418,71.0178711864407,4.99578596774194
1994-02-01,73.5053240685918,12.795172668527,59.6628610169492,3.21796214285714
1994-03-01,69.5706027416099,34.3642151249484,51.0726508474576,7.33334403225806
1994-04-01,49.0837745401268,48.9153151640825,40.5464949152542,7.5128655
1994-05-01,65.5917860499233,75.8905654914469,33.6579254237288,10.4466643548387
1994-06-01,24.4501657451925,98.6430097088514,21.6937220338983,14.0534911666667
1994-07-01,26.5847351973173,117.049226689083,15.6603661016949,17.7633853225806
1994-08-01,75.6885803157909,90.8909528366947,12.6612610169492,15.7590333870968
1994-09-01,90.3515930804096,54.6089986666148,10.450006779661,12.434474
1994-10-01,90.7305843902371,30.7345750660226,9.15195661016949,9.82190387096774
1994-11-01,65.3080174757743,17.743358745082,10.1307661016949,9.89866733333333
1994-12-01,119.620321543068,9.71231127591702,14.7729355932203,5.95744451612903
1995-01-01,161.205231376972,10.188457488826,39.5038372881356,4.47897387096774
1995-02-01,87.3686170728143,17.4095367089512,67.1694101694915,6.28791875
1995-03-01,53.1442889860097,28.3039103132527,72.8073762711864,5.04607403225806
1995-04-01,22.8547350515992,51.678287722501,43.3288677966102,8.4977575
1995-05-01,46.3912791331786,79.1992596547384,26.684420338983,11.1162448387097
1995-06-01,19.4307825700479,97.5271504937623,17.0691254237288,13.8371691666667
1995-07-01,25.7117571244399,118.923031693294,12.8897084745763,18.1424291935484
1995-08-01,5.02375028737652,105.93231005388,9.19442440677966,19.1879264516129
1995-09-01,112.819507683884,57.2859292611804,8.35326915254237,13.1683971666667
1995-10-01,60.6153608078082,37.193536781526,6.95095322033898,12.7007474193548
1995-11-01,119.216729441899,14.5405082755087,6.55087728813559,7.26003516666667
1995-12-01,103.364775132735,6.13481926961525,8.59021016949153,1.90218451612903
1996-01-01,49.5248241515211,9.25447701445312,16.8260338983051,4.09570112903226
1996-02-01,69.0552762115517,11.6982836263145,23.9137627118644,2.03589413793103
1996-03-01,58.374412387028,26.0676302205693,29.2383457627119,4.23209064516129
1996-04-01,49.9316113217118,51.4299618198215,25.9697898305085,8.0984905
1996-05-01,45.0319546385552,68.0714734977062,21.7669423728814,8.69831096774194
1996-06-01,21.0192204884354,99.3756409271619,16.3281355932203,14.1890873333333
1996-07-01,40.8746202105447,109.990485243442,12.1604338983051,16.4863790322581
1996-08-01,67.131797251937,91.8587678432996,9.45391728813559,16.1656164516129
1996-09-01,23.1657589180438,56.6969650408408,6.92605830508475,13.2533895
1996-10-01,69.9043947460892,32.958925639276,5.70445016949153,11.195834516129
1996-11-01,114.287187990529,12.7044640490582,6.00201762711864,5.46035733333333
1996-12-01,25.6720083389554,6.47126036306723,5.56240271186441,2.33451725806452
1997-01-01,9.76700918201032,7.23128302370367,4.85070101694915,1.59228741935484
1997-02-01,86.6793189812038,17.5790887693417,6.07787389830508,6.13108625
1997-03-01,16.4584914823341,35.5673487242495,8.45343457627119,7.81343822580645
1997-04-01,20.1270179480325,51.9670226552236,9.48056949152542,8.47492433333333
1997-05-01,58.7239712724833,79.6120198314865,9.5631620338983,11.16562
1997-06-01,104.539257016123,97.7483159707402,7.48429016949153,13.8950841666667
1997-07-01,55.4557762390782,109.558693994317,6.04302101694915,16.3085408064516
1997-08-01,129.537333318334,102.97286102949,5.56591728813559,18.5814356451613
1997-09-01,12.4068653717612,59.0102586950958,5.09086372881356,13.8670166666667
1997-10-01,51.6467959206217,32.0441974836623,4.59794440677966,9.93561693548387
1997-11-01,117.87586190123,15.54015621019,5.19249355932203,8.1022975
1997-12-01,88.0947276518234,9.12601814035799,7.68725694915254,5.40353451612903
1998-01-01,103.588465217245,9.94178607626812,37.160786440678,4.66543064516129
1998-02-01,12.9603863198582,18.0443305282465,32.2725966101695,6.44801089285714
1998-03-01,71.3095559272717,34.8044495746633,28.0902508474576,7.42306951612903
1998-04-01,138.195469528238,47.1745488499141,32.7236338983051,7.20339283333333
1998-05-01,36.1913244279952,88.3139797696276,36.8122576271186,12.9267811290323
1998-06-01,154.330979543316,97.4957295018447,27.8910915254237,13.8362538333333
1998-07-01,48.0427957627784,103.403186188271,20.5251254237288,15.1012520967742
1998-08-01,28.9972547584962,90.1534753725451,15.5461423728814,15.6034033870968
1998-09-01,107.876298621679,61.4835291652568,12.6378305084746,14.601539
1998-10-01,145.808716404257,31.6064161362707,12.5206779661017,10.2250622580645
1998-11-01,68.5027921084117,12.8685691376788,27.6626440677966,5.70014333333333
1998-12-01,79.7472994452061,9.07784847486405,35.2043389830508,5.36397
1999-01-01,120.472147302117,10.9872150440561,67.9865491525424,5.42472112903226
1999-02-01,45.5275014161943,15.2157353105372,58.9072271186441,4.69702303571429
1999-03-01,40.5806340572193,33.013272617155,47.8538847457627,6.74966048387097
1999-04-01,76.0045615175225,53.0875212563826,35.3888542372881,8.82038516666667
1999-05-01,68.2265474008779,85.9444912977488,27.0944542372881,12.4705841935484
1999-06-01,75.1219465963648,95.4534932039364,21.4887050847458,13.442402
1999-07-01,9.25589585745977,114.060658038761,17.0632677966102,17.1678530645161
1999-08-01,156.329274324287,92.4010357770833,14.3306847457627,16.1022479032258
1999-09-01,123.938641591401,63.4652965000032,12.0754983050847,15.1640266666667
1999-10-01,60.2349362568418,31.3167923139833,11.9671322033898,10.1079535483871
1999-11-01,57.3626868315887,14.5827581502386,13.223593220339,7.1273005
1999-12-01,132.517963831651,8.32019225153847,23.5857355932203,4.39229596774194
2000-01-01,27.3283725579255,9.53932027140602,46.5564203389831,4.07152096774194
2000-02-01,97.1318065465678,17.5464613340952,37.8432,5.8823125862069
2000-03-01,37.860795811551,33.4299639281165,44.928,6.92621451612903
2000-04-01,182.584603675503,48.3148423053525,52.6747118644068,7.299072
2000-05-01,92.6513483774907,82.5611781770677,65.4794847457627,11.746645
2000-06-01,23.4107739804669,102.9129324927,38.6486237288136,14.8685985
2000-07-01,84.9913199617242,104.48123339825,22.6631593220339,15.3925496774194
2000-08-01,83.5658555532465,93.1293194404416,18.1205694915254,16.4648098387097
2000-09-01,93.1740312701071,59.9071691409978,14.8930169491525,14.3534948333333
2000-10-01,155.235348069534,30.6969108785667,16.8172474576271,9.99941
2000-11-01,125.439919662353,13.4596799244208,49.1513491525424,6.55316683333333
2000-12-01,131.04294793947,9.3046432338831,79.1775457627119,5.52463612903226
2001-01-01,81.1828613629122,8.62434575270469,71.448406779661,3.17764064516129
2001-02-01,78.1851394760242,14.3668835987389,62.1962847457627,4.40840660714286
2001-03-01,119.488114231301,28.6425868608414,71.975593220339,5.15121483870968
2001-04-01,83.3635529541861,47.6802565415514,77.9650169491525,7.43649016666667
2001-05-01,35.9952888006876,83.8044023894363,61.2854237288136,11.9577119354839
2001-06-01,23.4822043224785,99.0815585050542,37.851986440678,14.1349091666667
2001-07-01,61.1867508665246,111.791272143756,26.2275254237288,16.7405937096774
2001-08-01,101.905453402906,93.9876688481398,18.5393898305085,16.549314516129
2001-09-01,42.0795412784609,56.9821872751168,13.6629152542373,13.1737346666667
2001-10-01,115.169454758768,37.6583699099861,12.6846915254237,13.028590483871
2001-11-01,43.7385955365513,13.821108245385,9.68265762711864,6.62744933333333
2001-12-01,21.4219641414136,7.06861422403245,10.4002169491525,2.9587164516129
2002-01-01,105.813028587053,11.4282968821056,12.1428610169492,5.4737964516129
2002-02-01,112.211597011549,17.8209812039455,36.8854779661017,6.61366035714286
2002-03-01,53.28703255515,34.2492436204975,47.947606779661,7.20771903225806
2002-04-01,50.8206576529992,53.7998312343137,NA,8.96484983333333
2002-05-01,89.4853896437398,80.1038083496223,27.8442305084746,11.2419451612903
2002-06-01,60.5323576313272,96.7492789809636,21.0523118644068,13.694446
2002-07-01,87.8330829564556,105.304340899962,18.9552813559322,15.5051025806452
2002-08-01,27.5246884733872,94.3355909902353,15.5051389830508,16.6188601612903
2002-09-01,44.1970299531491,59.869965712858,12.3683796610169,14.0716693333333
2002-10-01,133.791203556702,31.7792408301655,12.4738169491525,10.1167308064516
2002-11-01,201.395622339271,16.4046151825144,45.7627118644068,8.59319066666667
2002-12-01,117.50837161549,9.47225745980341,68.8593355932203,5.75221258064516
2003-01-01,94.0613048910037,9.59211966519974,136.142969491525,3.9139535483871
2003-02-01,34.5052034633977,14.0399718613883,61.1038372881356,3.86307392857143
2003-03-01,36.6784570260197,34.2496396803453,48.8848271186441,7.23947258064516
2003-04-01,36.8766159088557,54.4432513665969,34.1616813559322,9.02048033333333
2003-05-01,50.1001415248427,80.8339160278853,26.3593220338983,11.3728112903226
2003-06-01,49.7239086315272,106.343406965319,15.0541016949153,15.5448996666667
2003-07-01,88.7196295126554,113.292978917442,12.8047728813559,17.0113911290323
2003-08-01,9.78502878183641,102.413165633048,9.73976949152542,18.3506469354839
2003-09-01,9.95235452167416,59.7985020228999,7.3949613559322,14.00708
2003-10-01,44.4776326996999,29.6153472792725,6.25594576271186,8.86723306451613
2003-11-01,119.278019477081,15.4834453063622,6.34703186440678,7.83494233333333
2003-12-01,82.3973866109026,8.63189481494503,7.36128,4.780525
2004-01-01,97.8177838916641,10.4928063074598,13.0209193220339,5.00820967741936
2004-02-01,36.9421793230613,15.2466247669651,26.2011661016949,4.87147844827586
2004-03-01,56.0693410700352,31.4696124595445,28.3069830508475,5.97007370967742
2004-04-01,80.1909825364624,54.1519693501054,23.6970305084746,8.89616316666667
2004-05-01,36.262575818704,84.2247716876546,24.2183593220339,12.0035975806452
2004-06-01,52.5994189342109,105.324293022754,19.9803661016949,15.3444375
2004-07-01,72.307284440897,105.340743396941,15.8536677966102,15.5840985483871
2004-08-01,94.3995266146438,96.5053305710242,11.6801084745763,17.1652108064516
2004-09-01,36.5614505373028,61.2284368947438,8.49443796610169,14.6843816666667
2004-10-01,147.031436700605,31.3305033519652,9.13145491525424,10.3486919354839
2004-11-01,44.0757490132756,14.4547572310666,7.98746033898305,7.195927
2004-12-01,63.858697859198,8.55702663796734,9.04944813559322,4.75020258064516
2005-01-01,48.5355304941123,10.965349187447,13.5457627118644,5.50470983870968
2005-02-01,28.0692862125955,13.0286042186042,16.0264677966102,3.71141375
2005-03-01,68.2520341497515,33.2438419700779,18.8644881355932,6.59196629032258
2005-04-01,56.4097397130774,52.8039526157498,17.4264406779661,8.68457516666667
2005-05-01,55.0270659477987,79.2551277164515,16.3544949152542,11.0961727419355
2005-06-01,61.7435677777677,105.032871929262,13.3846779661017,15.2829806666667
2005-07-01,55.1551077150064,111.157111417697,10.895186440678,16.5922741935484
2005-08-01,46.4331147015001,91.2289514676285,8.31548745762712,15.9209725806452
2005-09-01,40.6520353721505,63.2662007582387,6.01841898305085,15.0218745
2005-10-01,95.2275967459586,36.8209946702038,5.54160813559322,12.8467427419355
2005-11-01,64.7875624308915,13.1173417386057,5.62273627118644,5.489286
2005-12-01,98.0686104388648,7.82626521704342,10.5478291525424,3.8594364516129
2006-01-01,19.9669597777456,9.20415280697521,14.6821423728814,3.82592177419355
2006-02-01,50.8357751151421,12.4522554456042,14.8051525423729,2.94161910714286
2006-03-01,62.4186992771495,28.0078604032288,17.444013559322,4.75516725806452
2006-04-01,33.9815576505378,52.2522055110771,17.1482033898305,8.46026666666667
2006-05-01,110.099126402971,83.4837467884157,17.0398372881356,11.9915729032258
2006-06-01,26.5812643807478,108.157048726467,14.2779661016949,15.8968466666667
2006-07-01,82.4871317259174,125.145824965565,12.2365830508475,19.3265462903226
2006-08-01,41.7432086728352,93.4720196901539,9.73654779661017,16.3776303225806
2006-09-01,85.4143973286736,67.574368167489,7.70746576271186,16.5371798333333
2006-10-01,118.554611175223,37.149807755569,8.81221423728813,12.8365317741935
2006-11-01,123.608522037784,14.5164556389786,14.8197966101695,7.42416333333333
2006-12-01,96.7707492031113,9.87130715008816,44.0464271186441,6.131105
2007-01-01,96.5526521621383,12.0776066902454,69.2430101694915,6.59237758064516
2007-02-01,92.6585013641016,17.1849465559862,56.7457627118644,5.77081303571429
2007-03-01,54.1759283938076,32.412139156597,64.4104677966102,6.70367451612903
2007-04-01,6.81284533756639,62.4015745226768,43.7125423728814,11.1042723333333
2007-05-01,141.185386654514,82.5823868296872,34.8792406779661,11.801940483871
2007-06-01,100.151591376854,104.728729640244,30.4420881355932,15.2392585
2007-07-01,157.195985249168,102.689298995919,39.0293694915254,14.9481812903226
2007-08-01,51.3528763700735,88.4863270391898,36.4139389830508,15.2632103225806
2007-09-01,25.588837037678,58.4508456917668,22.209193220339,13.5321793333333
2007-10-01,72.1680557920552,32.5011835239907,19.8368542372881,10.4754190322581
2007-11-01,70.4667810728147,14.0706631693413,16.5390101694915,6.66675133333333
2007-12-01,79.3986372151373,8.53675486474849,26.3798237288136,4.60534774193548
2008-01-01,131.599758278441,12.0049165012396,59.0946711864407,6.26691532258064
2008-02-01,31.1106202133454,16.2502664316745,50.3960949152542,4.944035
2008-03-01,99.4538667921167,30.7434352477484,44.3422372881356,5.91416451612903
2008-04-01,63.6323711274098,49.9571642341797,39.3017491525424,7.79501116666667
2008-05-01,76.2391232572804,89.5673738251031,53.5474983050847,13.1530179032258
2008-06-01,65.2994304738374,98.5345299258801,40.8305898305085,14.02912
2008-07-01,109.967705875013,106.763587937285,38.2649491525424,15.8566977419355
2008-08-01,102.118183644985,90.0539212835524,30.5885288135593,15.8176735483871
2008-09-01,76.6129344181328,56.3162111335209,20.5046237288136,13.1349015
2008-10-01,60.2998041591137,30.1023750369649,17.2594983050847,9.46787532258065
2008-11-01,80.8512972449228,13.89545593578,22.4815728813559,6.71222533333333
2008-12-01,57.7314656673485,7.15206697481982,34.123606779661,3.18199016129032
2009-01-01,66.5383126904564,8.01794604364917,35.778386440678,2.33482709677419
2009-02-01,62.8428281499875,14.0894987557439,45.0363661016949,3.59552303571429
2009-03-01,34.7361789415824,32.4614218998741,49.8337627118644,6.60883258064516
2009-04-01,44.4925770063091,55.2243596922894,30.5299525423729,9.34375966666667
2009-05-01,31.3874795713459,82.2641705435943,20.9820203389831,11.6789133870968
2009-06-01,43.2533597991729,102.379118456028,13.4813288135593,14.7796781666667
2009-07-01,128.483772234162,107.082495400825,16.5624406779661,15.7782148387097
2009-08-01,63.2855726344038,92.3303865965106,13.0862318644068,16.1352691935484
2009-09-01,11.1873465533756,58.9703492138874,6.57255050847458,13.7989238333333
2009-10-01,76.8211222224849,33.5793614671054,6.99254237288136,11.2640867741935
2009-11-01,150.344832227668,15.9738121341175,9.21141152542373,8.38912966666667
2009-12-01,84.2396082376962,6.85237739882721,22.3029152542373,2.71107983870968
2010-01-01,71.0351898998616,6.29083696457324,37.8607728813559,0.717447741935484
2010-02-01,71.6046651441455,12.6502172180442,44.3715254237288,3.07433410714286
2010-03-01,46.2943588094753,30.2403626856508,49.5877423728814,5.60395403225806
2010-04-01,31.2297551059569,52.9424223286994,42.7167457627119,8.66882466666667
2010-05-01,29.9181638097318,78.0523163580688,36.1093423728814,10.7774317741935
2010-06-01,47.1067121598459,104.10232077813,25.2082983050847,15.1157205
2010-07-01,29.8416383790786,114.218344404064,17.2536406779661,17.1982183870968
2010-08-01,109.64310098806,88.7753004498377,12.7374101694915,15.297319516129
2010-09-01,61.1950498856272,58.2310423129765,7.72152406779661,13.482055
2010-10-01,55.2207507882868,31.6761014081698,6.99283525423729,10.0128351612903
2010-11-01,65.5291319508798,12.6314185765932,6.25243118644068,5.04337983333333
2010-12-01,25.3499579552871,3.95647243008777,6.35874711864407,-0.533367258064516
2011-01-01,101.090659864628,8.76614303122701,11.8950833898305,3.44077612903226
2011-02-01,63.1281294844403,17.3508503019664,20.1004474576271,6.17009446428571
2011-03-01,14.1993728936522,33.1902333923287,27.6333559322034,6.64068806451613
2011-04-01,6.64912700376179,64.3178888573032,23.9957694915254,11.66203
2011-05-01,47.3337412582585,83.4236190586944,16.770386440678,11.9821119354839
2011-06-01,67.1987753253397,96.4437903380013,12.2658711864407,13.635951
2011-07-01,54.3046198888023,103.522938209343,9.57692745762712,15.1297375806452
2011-08-01,94.0359183736409,89.2668616739289,7.49629830508475,15.3654698387097
2011-09-01,44.3306715323083,62.1690750765131,5.72817355932203,14.9142236666667
2011-10-01,42.5356011501671,36.4800223140548,4.82287728813559,12.2725191935484
2011-11-01,44.7097982721152,17.3930336633984,4.1571579661017,9.4602405
2011-12-01,90.7298671726508,9.5557547894096,4.20753355932203,5.85001564516129
2012-01-01,63.6556900616789,10.8303349316641,4.53702508474576,5.40424225806452
2012-02-01,23.8031906484906,14.6482501156617,5.26717830508475,3.42930655172414
2012-03-01,24.7549128240003,36.7262982399172,7.36655186440678,7.87742
2012-04-01,129.230367486023,46.8718396837069,9.05618440677966,7.0233035
2012-05-01,51.862111729396,83.9413383921787,16.7616,11.8745956451613
2012-06-01,147.745173214034,96.3010899681458,19.7753491525424,13.5969746666667
2012-07-01,112.213841432951,103.930349528717,21.0581694915254,15.2802635483871
2012-08-01,118.096101726447,93.1155611665743,20.8033627118644,16.4659617741935
2012-09-01,55.3378715205383,55.5301390607783,16.0909016949153,12.7861436666667
2012-10-01,112.129833669659,29.9262982213264,19.5674033898305,9.50413967741935
2012-11-01,128.354448182702,13.1982943926078,30.9575593220339,6.27990716666667
2012-12-01,142.212951407406,8.59562096329159,52.0713762711864,4.83729403225806
2013-01-01,83.2486139470558,8.85920143316123,60.3265301694915,3.4320135483871
2013-02-01,32.9946013791318,11.8208281325319,50.0575240677966,2.70549910714286
2013-03-01,53.3768060980515,20.7426834852297,55.1917342372881,2.64443677419355
2013-04-01,39.0761909772195,46.8632100011837,45.8496976271186,7.01915983333333
2013-05-01,65.0767150934528,73.9122151784313,39.3998644067797,10.0251856451613
2013-06-01,30.5089559822412,95.9664425616089,19.7814996610169,13.5377043333333
2013-07-01,61.3459796676566,120.6839304767,15.6589016949153,18.4713072580645
2013-08-01,41.7596076927043,94.444139103138,12.5795471186441,16.6335851612903
2013-09-01,59.5680248737564,58.7968127470259,9.70462372881356,13.7915216666667
2013-10-01,127.866047007315,36.2809691674946,9.6504406779661,12.3240948387097
2013-11-01,68.6791152385496,13.2448515275784,10.0891769491525,5.91332083333333
2013-12-01,134.714682241234,9.53230824208494,18.7698874576271,5.83776419354839
2014-01-01,191.838574965118,10.8992425647526,73.3928461016949,5.37829419354839
2014-02-01,137.066656107701,17.0258781156808,85.8698847457627,5.85187589285714
2014-03-01,40.3035321766583,34.0938251053945,65.7621152542373,7.18752596774194
2014-04-01,83.3127094379924,56.1617729694122,48.9633193220339,9.62064816666667
2014-05-01,81.0341961764903,83.5554324332515,37.0471484745763,11.9524209677419
2014-06-01,39.3482538904827,105.279818513932,26.0339308474576,15.3383413333333
2014-07-01,43.362795106971,117.18036914769,20.9076284745763,17.802315
2014-08-01,108.22460217339,86.786686297726,16.10496,14.8214537096774
2014-09-01,58.001860915274,63.1949752794026,12.2690928813559,15.1903811666667
2014-10-01,89.8606353432301,35.8374275681336,11.5570983050847,12.3311564516129
2014-11-01,118.814838792272,15.6872383866611,13.6336271186441,8.08625066666667
2014-12-01,53.7646116933142,8.72143505815461,25.4572474576271,4.92475419354839
2015-01-01,83.7814438527539,9.84678872634953,41.5305762711864,4.44939129032258
2015-02-01,48.6085411988447,13.5612205795458,36.1298440677966,3.48152839285714
2015-03-01,26.6877304714685,31.6253455111282,31.1537898305085,6.31718241935484
2015-04-01,18.9422513232906,54.6816074096454,23.9635525423729,9.2270375
2015-05-01,75.9053161994889,78.2065718710885,25.4221016949153,10.8899817741935
2015-06-01,28.4953269892418,99.4358836922667,22.1769762711864,14.2055283333333
2015-07-01,92.0428613597809,107.410728495771,13.18464,15.828505483871
2015-08-01,92.1775249129895,89.4135405789628,9.48437694915254,15.4792324193548
2015-09-01,49.8404559700011,54.7196704442293,7.77453559322034,12.4668448333333
2015-10-01,62.7112402226957,32.4431963652639,7.15567728813559,10.6297979032258
2015-11-01,97.5806095877145,17.413492353084,7.60935050847458,9.39363083333333
2015-12-01,82.787417458606,13.1824840568663,11.0272759322034,9.95696161290323
2016-01-01,100.763747497743,10.9371211376903,34.4867796610169,5.24603
2016-02-01,69.4851718731632,15.5464255645043,43.4020881355932,4.72782965517241
2016-03-01,83.2173807567126,29.034722881665,45.9120813559322,5.15616983870968
2016-04-01,57.2271671189686,47.4367670298581,38.352813559322,7.27811466666667
2016-05-01,75.384912183698,86.0258817234986,29.9354033898305,12.4016737096774
2016-06-01,74.1037424111106,103.788256382754,22.191620338983,15.0405158333333
2016-07-01,20.9685625508641,111.28355480432,18.6799728813559,16.72009
2016-08-01,76.2657692332463,94.5516380833794,15.9532474576271,16.8770682258065
2016-09-01,51.9331687438058,64.2997112737283,15.4641355932203,15.703453
2016-10-01,32.1538728999514,30.9932210480216,NA,10.2010214516129
2016-11-01,116.639680195301,12.3861595360694,NA,5.550431
2016-12-01,22.0122236811828,9.14457945403493,NA,5.44701435483871
2017-01-01,75.7446337545797,9.13029994483424,NA,3.63476419354839
2017-02-01,46.7759620195337,16.969170694615,NA,5.76250357142857
2017-03-01,56.3841589671756,37.5843443578379,NA,8.40064532258065
2017-04-01,8.0214826446144,52.3547979712588,NA,8.66831083333333
2017-05-01,74.9309008309898,89.4304342505988,NA,13.0970611290323
2017-06-01,58.8988402883381,108.625691013151,NA,15.9790311666667
2017-07-01,112.890170412006,112.826410993,NA,16.8937619354839
2017-08-01,64.2604940581109,89.5712126639113,NA,15.5630069354839
2017-09-01,86.7236749422265,57.4192947249447,NA,13.348494
2017-10-01,38.9156270437106,35.8535541926227,NA,12.1471987096774
2017-11-01,64.1549202663948,13.7434068862946,NA,6.423117
2017-12-01,99.3334254480704,8.65606062698427,NA,4.83521532258065
2018-01-01,85.8403394218082,10.975500085663,NA,5.30214290322581
2018-02-01,36.840537818687,11.3591888396257,NA,2.43718535714286
2018-03-01,112.651687036968,27.0273888818139,NA,4.62299096774194
2018-04-01,60.597929740692,56.9390488171151,NA,9.73537666666667
2018-05-01,50.9675640116383,88.6668981505755,NA,12.9611524193548
2018-06-01,8.65640615311808,109.322789878142,NA,16.1267473333333
2018-07-01,30.1699044916096,125.394464202669,NA,19.3510359677419
2018-08-01,71.3560031619575,95.5009897149662,NA,16.7951011290323
2018-09-01,47.2272775947245,59.2797718398931,NA,13.7663431666667
2018-10-01,51.209468921901,32.3162554969669,NA,10.1953569354839
2018-11-01,91.3617067578988,15.3829154842431,NA,7.7736635
2018-12-01,102.91710873553,10.559734080919,NA,6.94938
2019-01-01,40.386357002473,8.72206785214221,NA,3.31120370967742
2019-02-01,55.1818575508683,18.1111628424073,NA,6.32895571428571
2019-03-01,65.8950562807749,35.4931000078548,NA,7.74501338709677
2019-04-01,43.465283689753,54.005240525162,NA,8.88093016666667
2019-05-01,49.1776692608907,79.3983672514837,NA,11.056400483871
2019-06-01,85.7956825583141,99.5208014939122,NA,14.2288011666667
2019-07-01,58.1971410354034,116.33585539396,NA,17.6323524193548
2019-08-01,77.5258020039223,95.1847354842409,NA,16.8135796774194
2019-09-01,110.631806203987,60.1436004948836,NA,14.2736486666667
2019-10-01,146.883475295729,31.7507243644416,11.2006616949153,10.1079467741935
2019-11-01,107.33641400869,13.1026227617403,23.5620122033898,5.959064
2019-12-01,116.70964346424,9.32434877755347,55.8375376271186,5.61918161290323
2020-01-01,75.2676215687396,11.4696100784925,75.5428881355932,5.90968112903226
2020-02-01,130.318171686841,18.2956019790491,80.2368976271186,6.28959051724138
2020-03-01,52.2576123068394,31.7462886569328,94.2591783050847,6.25748612903226
2020-04-01,65.559033904175,60.6200634551541,67.0147688135593,10.6003618333333
2020-05-01,4.49420738466886,87.3380516852537,52.0942210169491,12.597999516129
2020-06-01,89.6652952612423,104.562166122209,39.4651769491525,15.1861093333333
2020-07-01,56.0334665339522,106.899187826927,30.356566779661,15.8667058064516
2020-08-01,93.53406249754,98.6767991746163,21.8466061016949,17.6715267741935
2020-09-01,43.0342911594139,59.1180600190115,11.0313762711864,14.0213706666667
2020-10-01,180.805885732339,31.1182126598022,NA,10.2584032258065
2020-11-01,65.9076952476918,15.4918180525622,14.5506386440678,8.08526733333333
2020-12-01,116.524497803749,8.61712565999027,28.3078616949153,4.85346112903226
2021-01-01,93.762971116914,8.8974612225924,44.6939877966102,3.25203241935484
2021-02-01,53.6162333252494,15.7317196203179,50.8081789830509,4.84435410714286
2021-03-01,47.079330920969,32.9847750146293,40.6203010169491,6.60772322580645
2021-04-01,26.206425005046,42.8336712604019,27.3589261016949,6.091816
2021-05-01,115.555910252091,73.5709063823533,NA,9.89426516129032
2021-06-01,61.8689582903117,105.772125673037,44.102953220339,15.4440916666667
2021-07-01,63.8183287520047,117.315994518957,36.4979959322034,17.8096038709677
2021-08-01,70.9732516802022,89.8333010548677,NA,15.5743790322581
2021-09-01,53.6245184581843,64.8721612305071,9.92194169491525,15.5828423333333
2021-10-01,137.210007546148,35.3134520808953,11.7427850847458,11.9870851612903
2021-11-01,18.7751851545785,14.1476856204101,11.7457138983051,6.71320566666667
2021-12-01,66.1687282089052,10.2914810925849,13.6172257627119,6.71434887096774
2022-01-01,23.9456840129378,9.58441825790558,17.2044366101695,4.14266951612903
2022-02-01,74.3177782719103,17.7898866109903,19.9791945762712,6.46943446428571
2022-03-01,50.9350946633652,35.0288887160496,22.1263077966102,7.52080951612903
2022-04-01,24.4726325870658,53.4044017447133,15.2845993220339,8.80805616666667
2022-05-01,57.4916007682775,87.0847817611389,19.4736813559322,12.7055532258065
2022-06-01,40.2728199081308,101.979915354045,15.1358155932203,14.700651
2022-07-01,11.7244974923863,118.674832061268,9.69085830508475,18.0838951612903
2022-08-01,17.9417696013697,103.939598888931,7.43801491525424,18.7863227419355
2022-09-01,60.2317936497679,60.6963723700706,NA,14.1417633333333
2022-10-01,140.592184159412,36.8532945896393,NA,12.85453
2022-11-01,155.283955854348,16.880857441302,NA,8.96970383333333
2022-12-01,104.564550794562,7.19398803626207,NA,3.19898467741935
2023-01-01,97.1090130429192,9.76349041810851,NA,4.47021774193548
2023-02-01,9.29319807696143,16.6154311685183,NA,5.70419357142857
2023-03-01,144.583411753225,33.4080610370404,NA,6.72791870967742
2023-04-01,76.7719653247877,50.8474242031395,NA,8.17941633333333
2023-05-01,57.8243602548107,85.3790757952937,NA,12.3529730645161
2023-06-01,42.6341004568379,113.921813284819,27.9897925423729,16.9996453333333
2023-07-01,141.112049783252,106.41412042383,20.8320650847458,15.678895483871
2023-08-01,76.4815722273565,92.3017262637544,15.3865220338983,16.1274893548387
2023-09-01,75.0771507427315,68.68669688391,14.4472515254237,16.7131088333333
